,Date,open,high,low,close,vol tick
0,2017.01.02,143878,144948,143830,144222,103829
1,2017.01.03,144219,145383,143513,144079,199402
2,2017.01.04,144020,144936,143673,144415,216421
3,2017.01.05,144335,144636,142478,143166,277950
4,2017.01.06,143122,144033,142963,143643,231247
5,2017.01.09,143344,143841,141040,141081,213579
6,2017.01.10,141034,141432,140164,140933,237885
7,2017.01.11,140911,141458,139929,140918,266296
8,2017.01.12,140801,140975,138907,139458,290226
9,2017.01.13,139405,140560,139079,139080,240355
10,2017.01.16,137132,138137,136446,137483,207782
11,2017.01.17,137505,140124,137044,139777,298972
12,2017.01.18,139696,140660,139122,140500,267982
13,2017.01.19,140498,142162,140345,141721,270746
14,2017.01.20,141732,142058,141158,141449,267885
15,2017.01.23,141506,142068,140746,141214,263725
16,2017.01.24,141203,142501,140756,142441,241206
17,2017.01.25,142417,143696,141812,143063,249961
18,2017.01.26,143043,144512,142871,144186,246200
19,2017.01.27,144216,144773,143980,144338,214660
20,2017.01.30,144254,144596,141657,142008,219757
21,2017.01.31,141917,142449,140430,141834,268905
22,2017.02.01,141806,144113,141633,143280,247690
23,2017.02.02,143274,143512,140748,141240,250478
24,2017.02.03,141226,141965,140184,140184,231522
25,2017.02.06,140365,140745,139201,139243,216051
26,2017.02.07,139239,140589,138525,140528,226067
27,2017.02.08,140538,140665,139788,140346,228355
28,2017.02.09,140338,141796,140019,141484,213687
29,2017.02.10,141457,142357,140924,140993,220762
30,2017.02.13,141591,142601,141375,142412,197830
31,2017.02.14,142404,142704,141003,142383,218493
32,2017.02.15,142452,142797,141828,142199,208218
33,2017.02.16,142156,142449,141235,141379,205628
34,2017.02.17,141329,141934,139615,139681,191420
35,2017.02.20,139990,141247,139990,140866,149179
36,2017.02.21,140882,141851,140842,141771,200238
37,2017.02.22,141711,142021,140462,141062,220436
38,2017.02.23,141026,141535,140673,141373,201943
39,2017.02.24,141300,141756,139304,139357,204244
40,2017.02.27,139813,140360,138993,140168,214172
41,2017.02.28,140176,140309,138814,139586,210530
42,2017.03.01,139516,140724,139483,139762,251584
43,2017.03.02,139774,140738,139703,140366,207981
44,2017.03.03,140303,140487,139590,139834,212914
45,2017.03.06,139913,140310,139266,139336,176858
46,2017.03.07,139336,139621,138715,139015,179828
47,2017.03.08,138948,139650,138427,139108,202437
48,2017.03.09,139103,140020,139041,139804,234879
49,2017.03.10,139814,140527,139351,139457,226295
50,2017.03.13,139644,140482,139491,140302,201345
51,2017.03.14,140302,140405,139141,139444,197554
52,2017.03.15,139443,140603,139104,139403,208348
53,2017.03.16,139405,140173,138544,140017,242261
54,2017.03.17,140012,140454,139144,139628,192301
55,2017.03.20,139534,140128,138883,139012,167699
56,2017.03.21,139015,140397,138903,139395,228935
57,2017.03.22,139394,139479,137745,138831,243708
58,2017.03.23,138831,139314,138284,138889,230892
59,2017.03.24,138891,139148,138290,138616,205823
60,2017.03.27,138429,139095,138028,138939,219083
61,2017.03.28,138917,139385,138032,138385,200452
62,2017.03.29,138290,138490,137506,138039,216823
63,2017.03.30,138041,139590,137732,139504,199298
64,2017.03.31,139488,140075,138965,139508,217145
65,2017.04.03,139655,139889,138291,138433,187339
66,2017.04.04,138421,138476,137073,137718,191878
67,2017.04.05,137706,139027,137444,138169,198278
68,2017.04.06,138160,138704,137706,138137,177752
69,2017.04.07,138095,138326,136938,137201,218519
70,2017.04.10,137458,138249,137358,137685,144781
71,2017.04.11,137632,137717,136831,136874,184219
72,2017.04.12,136855,137328,136509,136676,199752
73,2017.04.13,136602,137101,136321,136366,190818
74,2017.04.14,136392,136616,135884,135889,96683
75,2017.04.17,136205,136965,135585,136805,121116
76,2017.04.18,136747,140016,136132,139184,213284
77,2017.04.19,139166,140176,138917,139047,192116
78,2017.04.20,139045,140328,138983,140050,179050
79,2017.04.21,140049,140136,139178,139526,161434
80,2017.04.24,141767,141810,140179,140412,193574
81,2017.04.25,140404,142641,140041,142587,174564
82,2017.04.26,142536,143496,142318,142669,199675
83,2017.04.27,142652,143877,142561,143526,184026
84,2017.04.28,143526,144478,143286,144354,168128
85,2017.05.01,143851,144608,143790,144114,115562
86,2017.05.02,144094,145107,144010,144926,152857
87,2017.05.03,144819,145343,144499,145067,153643
88,2017.05.04,145010,145714,144642,145287,175834
89,2017.05.05,145276,146427,144795,146085,168278
90,2017.05.08,146644,146658,145646,146512,173213
91,2017.05.09,146509,147865,146430,147360,175660
92,2017.05.10,147353,148092,147107,147839,176624
93,2017.05.11,147839,147921,146127,146705,176045
94,2017.05.12,146705,146782,145789,145958,157740
95,2017.05.15,145755,146986,145755,146680,156430
96,2017.05.16,146683,147102,145807,146055,175377
97,2017.05.17,146049,146103,143620,143716,229681
98,2017.05.18,143716,144817,143339,144192,277988
99,2017.05.19,144204,145370,143811,144933,194737
100,2017.05.22,144297,145072,144115,144679,165353
101,2017.05.23,144660,145132,143754,144858,184347
102,2017.05.24,144832,145401,144493,144620,165514
103,2017.05.25,144620,145428,144521,144735,149761
104,2017.05.26,144728,144740,142114,142250,166110
105,2017.05.29,142300,143069,142300,142791,95286
106,2017.05.30,142794,143082,141810,142524,154470
107,2017.05.31,142524,142899,141471,142753,187119
108,2017.06.01,142754,143690,142500,143391,170442
109,2017.06.02,143393,143942,142007,142318,160899
110,2017.06.05,141876,143088,141868,142538,124261
111,2017.06.06,142413,142640,140701,141248,172035
112,2017.06.07,141167,142367,140729,142303,172954
113,2017.06.08,142303,142751,141731,142488,167794
114,2017.06.09,140174,141139,139494,140433,236074
115,2017.06.12,140199,140786,138657,139147,165474
116,2017.06.13,139030,140386,139010,140338,148829
117,2017.06.14,140284,140888,139095,139693,197345
118,2017.06.15,139685,141574,139180,141495,193321
119,2017.06.16,141462,142323,141341,141502,167543
120,2017.06.19,141477,142325,141307,142033,148412
121,2017.06.20,142021,142531,140571,140695,161465
122,2017.06.21,140721,141743,139837,141100,155478
123,2017.06.22,141100,141222,140455,141152,146534
124,2017.06.23,141145,141875,141001,141333,134373
125,2017.06.26,141527,142355,141473,142294,130818
126,2017.06.27,142232,144202,141952,143936,165553
127,2017.06.28,143913,145509,143254,145157,179361
128,2017.06.29,145126,146520,145085,145838,177395
129,2017.06.30,145791,146535,145123,146271,146170
130,2017.07.03,145769,146920,145769,146766,140243
131,2017.07.04,146619,146847,145970,146318,131973
132,2017.07.05,146218,146787,145998,146440,155993
133,2017.07.06,146465,147257,146038,146807,154374
134,2017.07.07,146707,147599,146381,146640,161727
135,2017.07.10,146648,147439,146648,146850,131131
136,2017.07.11,146821,147760,146160,146352,156351
137,2017.07.12,146248,146405,145255,145742,186035
138,2017.07.13,145742,146857,145536,146574,174717
139,2017.07.14,146506,147559,145998,147286,165356
140,2017.07.17,147316,147595,146745,147021,150616
141,2017.07.18,146954,147314,145384,146081,195240
142,2017.07.19,146124,146314,145245,145671,160071
143,2017.07.20,145688,146259,144682,145114,201277
144,2017.07.21,145114,145314,144043,144339,172019
145,2017.07.24,144251,145000,144013,144743,167390
146,2017.07.25,144723,145878,144451,145819,178915
147,2017.07.26,145819,146398,145481,145717,193533
148,2017.07.27,145717,146545,145114,145384,236711
149,2017.07.28,145384,145759,144995,145282,216882
150,2017.07.31,145226,145823,144804,145644,188784
151,2017.08.01,145643,146150,145392,145746,194083
152,2017.08.02,145599,146741,145599,146431,182139
153,2017.08.03,146379,146786,144378,144503,188514
154,2017.08.04,144505,145259,144214,144248,163862
155,2017.08.07,144282,144702,144172,144325,132817
156,2017.08.08,144319,144448,143170,143321,144396
157,2017.08.09,143315,143367,142258,143111,176810
158,2017.08.10,143111,143324,141630,141725,179521
159,2017.08.11,141661,142061,141238,141998,189701
160,2017.08.14,141708,142327,141708,142188,69493
161,2017.08.15,142188,143178,141961,142446,185941
162,2017.08.16,142362,143082,141711,142008,154921
163,2017.08.17,142014,142029,140841,140989,178217
164,2017.08.18,140994,141089,139773,140435,177275
165,2017.08.21,140521,140828,140092,140562,125574
166,2017.08.22,140511,141025,140046,140453,119008
167,2017.08.23,140482,140779,139424,139550,133918
168,2017.08.24,139507,140423,139282,140223,133919
169,2017.08.25,140195,140850,140120,140763,138503
170,2017.08.28,140983,141400,140425,141290,92717
171,2017.08.29,141238,141988,139993,141668,184146
172,2017.08.30,141598,142763,141538,142520,140803
173,2017.08.31,142520,142892,141539,142154,150836
174,2017.09.01,141850,142996,141850,142822,136451
175,2017.09.04,141908,142483,141559,141763,108635
176,2017.09.05,141763,141917,141175,141717,154466
177,2017.09.06,141747,142669,141354,142545,149209
178,2017.09.07,142545,142666,141471,142146,156018
179,2017.09.08,142146,142532,141332,142217,170986
180,2017.09.11,142590,144152,142531,144145,126144
181,2017.09.12,143971,146540,143885,146302,152634
182,2017.09.13,146302,146659,145645,145900,125570
183,2017.09.14,145900,148344,145162,147649,153742
184,2017.09.15,147635,151544,146608,150607,178470
185,2017.09.18,150540,151514,150142,150540,132956
186,2017.09.19,150540,151590,150130,150666,150540
187,2017.09.20,150666,152168,150424,151402,152487
188,2017.09.21,151402,152854,151369,152663,154628
189,2017.09.22,152663,152760,150658,151062,154343
190,2017.09.25,151322,152268,149746,150408,156265
191,2017.09.26,150406,151071,149986,151012,154057
192,2017.09.27,151007,151602,150527,150985,177569
193,2017.09.28,150989,151578,150467,150949,138446
194,2017.09.29,150949,151278,150196,150571,113136
195,2017.10.02,150406,150961,149276,149632,107559
196,2017.10.03,149632,150239,149292,149365,105653
197,2017.10.04,149365,149905,149033,149375,97875
198,2017.10.05,149375,149459,147681,147981,94246
199,2017.10.06,147981,148026,147038,147062,113471
200,2017.10.09,147272,148550,146934,148040,71486
201,2017.10.10,148040,148519,147734,148443,99409
202,2017.10.11,148443,148848,147843,148711,89468
203,2017.10.12,148711,149156,147288,148849,102187
204,2017.10.13,148847,149263,148305,148305,106102
205,2017.10.16,148555,148963,148162,148636,84792
206,2017.10.17,148636,149058,147773,147960,100953
207,2017.10.18,147960,149121,147883,149118,99455
208,2017.10.19,149118,149435,147888,148034,121631
209,2017.10.20,148034,149824,147983,149667,117958
210,2017.10.23,150131,150488,149472,149690,103106
211,2017.10.24,149690,150088,149129,149508,107209
212,2017.10.25,149508,151393,149281,150756,128671
213,2017.10.26,150756,150897,149761,149972,111626
214,2017.10.27,149980,150035,148879,149207,110889
215,2017.10.30,149162,150013,149087,149459,91492
216,2017.10.31,149456,151067,149190,150932,102507
217,2017.11.01,150911,151934,150871,151200,115492
218,2017.11.02,151200,151514,148663,148943,122611
219,2017.11.03,148943,149535,148705,149109,99576
220,2017.11.06,148978,149899,148975,149725,106999
221,2017.11.07,149725,150322,149653,150057,104996
222,2017.11.08,150057,150110,148538,149302,98576
223,2017.11.09,149302,149694,148438,149132,138712
224,2017.11.10,149132,149998,148835,149712,114331
225,2017.11.13,149407,149673,148056,149000,110128
226,2017.11.14,149000,149567,148617,149348,115058
227,2017.11.15,149348,149359,148097,148626,155853
228,2017.11.16,148626,149457,148506,149142,122339
229,2017.11.17,149142,149318,147930,148126,133449
230,2017.11.20,148169,149230,147630,149034,134629
231,2017.11.21,149034,149368,148614,148814,109583
232,2017.11.22,148814,148966,148013,148156,112292
233,2017.11.23,148156,148477,147809,147969,81459
234,2017.11.24,147970,148983,147889,148575,99592
235,2017.11.27,148535,148865,147834,147911,121972
236,2017.11.28,147911,149281,146971,148652,146532
237,2017.11.29,148627,150437,148582,150048,153745
238,2017.11.30,150048,152406,149978,152178,187294
239,2017.12.01,152178,152482,150573,150989,210216
240,2017.12.04,151470,152946,151236,151491,165154
241,2017.12.05,151491,151814,150527,151309,134756
242,2017.12.06,151365,151382,149758,150316,162176
243,2017.12.07,150316,152460,150138,152336,131946
244,2017.12.08,152336,153407,151632,151978,142201
245,2017.12.11,151896,152342,151234,151445,119949
246,2017.12.12,151436,151758,151027,151205,110852
247,2017.12.13,151205,151510,150461,151011,123826
248,2017.12.14,151011,151892,150367,150889,151876
249,2017.12.15,150889,151019,149412,149962,145800
250,2017.12.18,149992,151025,149616,150607,186134
251,2017.12.19,150599,151270,150366,151091,198498
252,2017.12.20,151091,152015,151059,151643,187486
253,2017.12.21,151643,151918,151262,151671,178939
254,2017.12.22,151671,151852,151184,151366,135566
255,2017.12.26,151476,151558,151185,151428,103487
256,2017.12.27,151428,152088,151331,151798,180059
257,2017.12.28,151798,151982,151487,151597,117012
258,2017.12.29,151597,152511,151528,152171,171869
259,2018.01.02,152100,152735,151865,152570,167165
260,2018.01.03,152570,152825,151748,152027,174909
261,2018.01.04,152026,152977,151961,152752,191929
262,2018.01.05,152752,153637,152705,153416,199716
263,2018.01.08,153389,153669,152869,153406,151010
264,2018.01.09,153406,153573,151945,152508,197082
265,2018.01.10,152504,152599,150359,150490,246470
266,2018.01.11,150490,151005,150191,150541,234378
267,2018.01.12,150541,152675,150507,152451,268346
268,2018.01.15,152494,152807,151931,152374,216054
269,2018.01.16,152374,153099,152046,152291,238145
270,2018.01.17,152292,154286,152142,153884,277951
271,2018.01.18,153855,154579,153619,154314,266526
272,2018.01.19,154300,154424,153109,153541,247651
273,2018.01.22,153462,155250,153408,155124,197493
274,2018.01.23,155124,155403,153729,154393,250008
275,2018.01.24,154393,155705,154126,155456,308164
276,2018.01.25,155458,156084,154424,154597,392001
277,2018.01.26,154597,155854,153425,153766,322320
278,2018.01.29,153655,154021,152823,153333,279907
279,2018.01.30,153333,154084,151966,153866,300973
280,2018.01.31,153866,155344,153561,154918,325723
281,2018.02.01,154918,156442,154547,155977,289999
282,2018.02.02,155977,156608,155418,155551,330937
283,2018.02.05,155387,155550,152211,152212,384217
284,2018.02.06,152212,152907,151201,152791,541304
285,2018.02.07,152791,153123,151325,151684,366902
286,2018.02.08,151685,154044,150807,151284,534037
287,2018.02.09,151235,152753,148913,150406,582052
288,2018.02.12,150282,150826,149660,150310,315120
289,2018.02.13,150310,150619,148975,149761,310182
290,2018.02.14,149761,150027,147962,149724,382259
291,2018.02.15,149724,150184,148924,149602,360390
292,2018.02.16,149602,149964,148777,148977,308390
293,2018.02.19,148954,149469,148878,149172,220933
294,2018.02.20,149172,150382,149065,150175,252388
295,2018.02.21,150175,150934,149414,149964,305899
296,2018.02.22,149966,149981,148538,148910,290046
297,2018.02.23,148907,149517,148641,149317,237112
298,2018.02.26,149912,150010,148999,149300,259956
299,2018.02.27,149300,149812,148836,149249,269800
300,2018.02.28,149247,149516,146721,146759,285351
301,2018.03.01,146759,147484,146007,146324,350995
302,2018.03.02,146298,146446,144982,145946,322783
303,2018.03.05,145563,147123,145080,147045,329411
304,2018.03.06,147045,148011,146553,147329,282523
305,2018.03.07,147329,147569,146231,147313,318964
306,2018.03.08,147313,147659,146369,146615,285266
307,2018.03.09,146615,148545,146607,147921,301032
308,2018.03.12,147872,148211,147412,148000,228718
309,2018.03.13,148000,149380,147764,148672,268501
310,2018.03.14,148672,149165,147750,148462,263761
311,2018.03.15,148461,148502,147444,148207,287836
312,2018.03.16,148208,148234,147247,147794,236455
313,2018.03.19,147720,149682,147047,148698,369311
314,2018.03.20,148698,149792,148573,149139,340350
315,2018.03.21,149139,150306,148951,149941,251550
316,2018.03.22,149941,150182,148271,148484,323673
317,2018.03.23,148484,148971,147670,147997,325740
318,2018.03.26,147894,150108,147879,149962,240289
319,2018.03.27,149939,150495,148933,149101,242810
320,2018.03.28,148913,150593,148909,150347,379969
321,2018.03.29,150347,150466,149023,149173,320190
322,2018.03.30,149173,149455,148812,148968,277463
323,2018.04.02,148809,149672,148382,148701,173582
324,2018.04.03,148701,149958,148493,149828,216384
325,2018.04.04,149835,150426,148798,150305,152780
326,2018.04.05,150326,150685,149959,150365,124618
327,2018.04.06,150340,151223,149881,150660,177287
328,2018.04.09,150621,151492,150490,150816,123675
329,2018.04.10,150812,152136,150707,151947,142663
330,2018.04.11,151934,152243,151276,151368,124625
331,2018.04.12,151324,152877,151168,152635,136711
332,2018.04.13,152645,153851,152579,152797,116570
333,2018.04.16,153024,153761,152651,153561,104580
334,2018.04.17,153552,153753,152782,152838,100314
335,2018.04.18,152836,153628,152058,152274,102747
336,2018.04.19,152240,152958,151085,151195,125777
337,2018.04.20,151209,151702,150691,150736,123797
338,2018.04.23,150864,151640,150731,151515,113522
339,2018.04.24,151507,152599,151406,152072,117197
340,2018.04.25,152040,152568,152039,152398,142396
341,2018.04.26,152370,152729,151973,152068,190656
342,2018.04.27,152027,152279,150225,150310,194254
343,2018.04.30,150171,150843,149836,150404,139429
344,2018.05.01,150405,150633,149147,149561,156658
345,2018.05.02,149561,150124,149006,149083,189531
346,2018.05.03,149075,149465,147600,148200,203219
347,2018.05.04,148200,148294,147058,147546,193733
348,2018.05.07,147643,148263,147341,147872,117199
349,2018.05.08,147872,148076,147050,147836,173863
350,2018.05.09,147836,149195,147698,148639,169298
351,2018.05.10,148639,149308,147479,147844,209953
352,2018.05.11,147846,148487,147581,148113,140441
353,2018.05.14,147979,149068,147915,148619,115597
354,2018.05.15,148615,149197,148376,148989,162101
355,2018.05.16,148895,149064,148181,148862,170853
356,2018.05.17,148826,149834,148762,149674,170602
357,2018.05.18,149676,150008,149090,149181,123809
358,2018.05.21,149232,149655,148812,149029,120266
359,2018.05.22,149029,149726,148767,148898,141788
360,2018.05.23,148902,149000,145944,146869,229576
361,2018.05.24,146841,147266,145688,146140,191310
362,2018.05.25,146133,146724,145278,145429,205193
363,2018.05.28,146100,146180,145319,145598,127214
364,2018.05.29,145578,145708,143194,144001,252566
365,2018.05.30,144047,145056,143596,144641,179466
366,2018.05.31,144644,145311,144123,144643,167799
367,2018.06.01,144605,146303,144486,146176,140104
368,2018.06.04,145905,146898,145836,146190,109392
369,2018.06.05,146173,147093,146030,146938,118070
370,2018.06.06,146854,148004,146839,147758,108936
371,2018.06.07,147735,148115,146904,147228,130089
372,2018.06.08,147180,147439,146091,146921,129509
373,2018.06.11,146509,147844,146509,147149,90652
374,2018.06.12,147131,147986,147116,147562,120288
375,2018.06.13,147575,147895,147209,147562,107906
376,2018.06.14,147506,147848,146621,146653,136644
377,2018.06.15,146704,147067,146292,146925,126624
378,2018.06.18,146846,146997,146100,146402,90880
379,2018.06.19,146383,146470,144384,144955,145260
380,2018.06.20,144982,145620,144582,145301,111885
381,2018.06.21,145301,146217,144590,145528,152108
382,2018.06.22,145542,146649,145425,145882,128337
383,2018.06.25,145547,146181,144695,145684,127483
384,2018.06.26,145712,145764,144970,145458,128823
385,2018.06.27,145444,145660,144515,144546,155018
386,2018.06.28,144538,144678,143768,144478,153851
387,2018.06.29,144454,146329,144341,146284,145251
388,2018.07.02,145704,146490,145184,145725,135852
389,2018.07.03,145718,146385,145282,145822,115342
390,2018.07.04,145814,146361,145560,146064,151979
391,2018.07.05,145854,146870,145738,146263,153778
392,2018.07.06,146049,146795,145929,146786,104857
393,2018.07.09,147017,147613,146091,146917,140666
394,2018.07.10,146900,147792,146798,147274,119052
395,2018.07.11,147311,148114,146800,147845,159541
396,2018.07.12,147825,148898,147772,148566,118476
397,2018.07.13,148487,148726,147640,148694,121689
398,2018.07.16,148410,149312,148385,148582,79960
399,2018.07.17,148599,149089,147560,148016,119475
400,2018.07.18,148001,148229,146865,147442,111762
401,2018.07.19,147433,147599,146156,146340,139238
402,2018.07.20,146341,146660,145972,146317,138955
403,2018.07.23,146122,146413,145659,145824,107437
404,2018.07.24,145822,146313,145437,146141,101189
405,2018.07.25,146143,146506,145750,146328,110761
406,2018.07.26,146312,146501,145745,145773,107287
407,2018.07.27,145762,145806,145252,145478,87922
408,2018.07.30,145422,145908,145246,145805,78784
409,2018.07.31,145787,147001,145337,146773,114027
410,2018.08.01,146795,147134,146297,146638,104080
411,2018.08.02,146532,146636,144983,145309,97987
412,2018.08.03,145311,145533,144496,144670,84077
413,2018.08.06,144603,144719,144028,144181,58969
414,2018.08.07,144166,144423,143791,144098,66583
415,2018.08.08,144090,144262,142712,142930,75970
416,2018.08.09,142931,143476,142333,142435,76036
417,2018.08.10,142464,142548,140919,141647,128081
418,2018.08.13,140715,141819,140224,141310,115160
419,2018.08.14,141279,142458,140988,141378,95133
420,2018.08.15,141371,141753,139881,140575,105403
421,2018.08.16,140532,141311,140192,140924,107010
422,2018.08.17,140903,141151,140210,140900,89171
423,2018.08.20,140906,141205,140702,140822,65645
424,2018.08.21,140788,142663,140647,142250,84745
425,2018.08.22,142128,142783,141932,142701,82184
426,2018.08.23,142693,142993,142408,142499,76761
427,2018.08.24,142517,143225,142463,142900,83506
428,2018.08.27,142890,143268,142510,143182,62456
429,2018.08.28,143167,143651,143031,143094,77838
430,2018.08.29,143094,145550,142806,145452,91831
431,2018.08.30,145436,145668,144329,144330,90706
432,2018.08.31,144303,144683,143478,143937,97139
433,2018.09.03,143380,143701,142821,142959,76173
434,2018.09.04,142892,143364,142577,143189,86871
435,2018.09.05,143172,144950,142637,143905,99798
436,2018.09.06,143854,144227,142924,143150,94625
437,2018.09.07,143147,144420,142592,143409,106979
438,2018.09.10,143467,145013,143056,144702,75777
439,2018.09.11,144698,145912,144323,145442,82802
440,2018.09.12,145364,145637,144658,145068,83184
441,2018.09.13,145082,146803,144998,146676,84367
442,2018.09.14,146672,147003,146240,146419,80845
443,2018.09.17,146302,147448,146297,147130,75346
444,2018.09.18,147128,147896,146764,147717,99166
445,2018.09.19,147718,148518,147178,147548,89479
446,2018.09.20,147471,149271,147328,149206,102058
447,2018.09.21,149130,149698,146974,147173,94106
448,2018.09.24,146990,148285,146929,147931,75816
449,2018.09.25,147936,149008,147790,148867,85014
450,2018.09.26,148862,149079,148263,148363,92839
451,2018.09.27,148363,148714,147580,148200,98342
452,2018.09.28,148200,148627,147523,148112,88446
453,2018.10.01,148288,149409,148153,148522,80521
454,2018.10.02,148541,148705,147178,147471,94596
455,2018.10.03,147447,148570,147249,148212,106206
456,2018.10.04,148145,148619,147687,148263,117287
457,2018.10.05,148266,149252,148063,149121,135534
458,2018.10.08,149245,149493,147478,148174,116496
459,2018.10.09,148118,148730,147332,148434,148255
460,2018.10.10,148429,149289,148042,148074,136002
461,2018.10.11,148060,148764,147797,148415,206165
462,2018.10.12,148257,148988,147145,147578,147696
463,2018.10.15,146717,147412,146492,146970,135257
464,2018.10.16,146973,148389,146826,147908,122503
465,2018.10.17,147899,148237,147037,147695,123792
466,2018.10.18,147677,147754,145798,146026,135666
467,2018.10.19,146011,147316,145984,147026,131360
468,2018.10.22,147007,147563,146028,146181,120465
469,2018.10.23,146199,146388,145273,145959,153912
470,2018.10.24,145955,146287,144416,144560,162223
471,2018.10.25,144556,145022,144011,144058,159143
472,2018.10.26,144034,144159,142756,143493,191557
473,2018.10.29,143485,144387,143323,143783,146024
474,2018.10.30,143783,144375,143198,143693,146132
475,2018.10.31,143693,145117,143601,144201,125675
476,2018.11.01,144201,146877,144008,146357,133648
477,2018.11.02,146357,147240,146270,146759,138801
478,2018.11.05,147340,147790,146837,147603,98226
479,2018.11.06,147546,148697,147285,148568,106234
480,2018.11.07,148523,149214,148315,148945,148974
481,2018.11.08,148991,149470,148589,148966,123401
482,2018.11.09,148962,149034,147481,147642,116688
483,2018.11.12,146981,147562,146051,146244,136569
484,2018.11.13,146244,148714,145976,147569,153656
485,2018.11.14,147573,148414,146302,147552,163888
486,2018.11.15,147574,147909,144232,145108,178695
487,2018.11.16,145085,145432,144580,144662,132111
488,2018.11.19,144663,145300,144275,144623,108944
489,2018.11.20,144607,144898,144001,144162,122696
490,2018.11.21,144148,144875,144004,144425,102658
491,2018.11.22,144446,145937,144244,145396,93925
492,2018.11.23,145391,145510,144332,144543,94363
493,2018.11.26,144772,145723,144623,145458,118511
494,2018.11.27,145479,145516,144579,144973,133881
495,2018.11.28,144962,145823,144843,145761,115104
496,2018.11.29,145764,145785,144495,145078,117056
497,2018.11.30,145078,145273,144605,144641,108284
498,2018.12.03,144762,145496,144160,144590,112633
499,2018.12.04,144592,144748,142825,143438,145212
500,2018.12.05,143385,144519,143247,144111,96836
501,2018.12.06,144101,144148,143234,143990,163553
502,2018.12.07,143992,144203,143215,143446,132841
503,2018.12.10,143031,143691,141156,142377,155098
504,2018.12.11,142300,142916,141497,141534,139311
505,2018.12.12,141585,143430,141495,143025,155588
506,2018.12.13,142996,143916,142762,143745,118980
507,2018.12.14,143784,143837,142359,142709,121313
508,2018.12.17,142795,143221,142140,142355,130859
509,2018.12.18,142355,142639,141915,142181,128251
510,2018.12.19,142210,142519,141564,141815,151281
511,2018.12.20,141815,142090,140557,140821,176207
512,2018.12.21,140865,141147,140220,140505,163703
513,2018.12.24,140220,140833,139967,140170,113119
514,2018.12.26,140289,140854,139726,140658,70263
515,2018.12.27,140663,140798,139706,140288,183794
516,2018.12.28,140340,140352,139476,139980,115759
517,2018.12.31,139948,140859,139506,139704,85948
518,2019.01.02,139312,139479,137238,137238,130711
519,2019.01.03,137298,137298,131707,135949,194538
520,2019.01.04,136008,138284,135784,138044,168590
521,2019.01.07,137936,138926,137593,138868,124482
522,2019.01.08,138849,139418,137957,138231,118501
523,2019.01.09,138229,139095,137752,138300,141693
524,2019.01.10,138303,138521,137438,138219,103098
525,2019.01.11,138210,139466,137618,139297,129450
526,2019.01.14,139403,140036,138583,139085,114520
527,2019.01.15,139148,140411,137342,139699,147144
528,2019.01.16,139757,140684,138967,140474,109961
529,2019.01.17,140466,142196,139493,141843,116810
530,2019.01.18,141840,142064,141069,141310,100665
531,2019.01.21,141149,141513,140665,141343,90316
532,2019.01.22,141343,141914,140605,141642,100047
533,2019.01.23,141680,143540,141591,143201,102904
534,2019.01.24,143228,143531,142688,143184,108303
535,2019.01.25,143188,144821,143064,144560,112646
536,2019.01.28,144382,144700,143582,143825,92189
537,2019.01.29,143814,144472,142715,142904,119237
538,2019.01.30,142887,143581,142713,142975,108000
539,2019.01.31,142986,143194,142223,142680,98890
540,2019.02.01,142692,143476,142055,143212,92852
541,2019.02.04,143009,144153,143009,143224,94079
542,2019.02.05,143261,143536,142019,142372,75423
543,2019.02.06,142388,142496,141737,142147,77168
544,2019.02.07,142163,142608,141107,142189,97583
545,2019.02.08,142209,142501,141829,142008,69979
546,2019.02.11,141758,142539,141758,141883,85207
547,2019.02.12,141941,142616,141801,142380,83002
548,2019.02.13,142382,143315,142341,142561,79361
549,2019.02.14,142567,143012,141272,141353,99172
550,2019.02.15,141386,142385,140989,142309,99676
551,2019.02.18,142471,143003,142384,142879,90312
552,2019.02.19,142906,144683,142459,144466,93315
553,2019.02.20,144464,145026,144106,144630,98935
554,2019.02.21,144644,144908,144063,144309,122019
555,2019.02.22,144297,144730,143763,144450,102587
556,2019.02.25,144585,145653,144320,145415,118645
557,2019.02.26,145425,147044,145384,146497,133930
558,2019.02.27,146497,148027,146145,147673,121932
559,2019.02.28,147702,148250,146964,147690,117415
560,2019.03.01,147692,148554,147498,147802,113332
561,2019.03.04,148132,148292,147085,147227,120927
562,2019.03.05,147276,147769,146587,147416,117106
563,2019.03.06,147427,147427,146673,147149,107519
564,2019.03.07,147191,147264,145768,145925,108918
565,2019.03.08,145947,146165,144298,144670,129920
566,2019.03.11,144299,146675,143704,146659,131462
567,2019.03.12,146659,147788,144559,145538,153238
568,2019.03.13,145539,148707,145343,148112,129119
569,2019.03.14,148112,148856,147365,148012,138675
570,2019.03.15,148011,148360,147404,148167,113845
571,2019.03.18,148194,148370,146996,147585,102131
572,2019.03.19,147584,148038,147501,147748,96353
573,2019.03.20,147748,148068,145863,145936,131148
574,2019.03.21,145936,146380,144115,145311,137825
575,2019.03.22,145397,145729,144514,145172,138833
576,2019.03.25,145289,145779,144618,145066,143724
577,2019.03.26,145066,146450,144995,146048,123549
578,2019.03.27,146048,146488,145274,145316,153173
579,2019.03.28,145316,145634,144182,144316,144667
580,2019.03.29,144315,145470,143810,144369,130241
581,2019.04.01,144740,146331,144368,145866,115165
582,2019.04.02,145871,146424,144915,146122,118672
583,2019.04.03,146171,147176,146007,146639,116122
584,2019.04.04,146664,146940,145660,145938,102011
585,2019.04.05,145962,146530,145083,145569,91303
586,2019.04.08,145510,145758,145081,145571,85476
587,2019.04.09,145581,146035,144765,145003,94752
588,2019.04.10,145040,145917,144868,145248,90725
589,2019.04.11,145282,145933,145066,145697,91236
590,2019.04.12,145697,146996,145671,146381,92892
591,2019.04.15,146318,146979,146317,146713,68610
592,2019.04.16,146737,146737,145995,146109,91240
593,2019.04.17,146139,146283,145819,146008,88322
594,2019.04.18,146074,146128,145269,145276,94464
595,2019.04.19,145345,145551,145229,145229,197586
596,2019.04.22,145279,145495,145198,145253,38419
597,2019.04.23,145262,145608,144567,144661,83060
598,2019.04.24,144703,145005,144381,144686,95468
599,2019.04.25,144704,144976,143776,143958,96428
600,2019.04.26,143990,144440,143751,144145,101999
601,2019.04.29,144111,144700,144042,144396,72716
602,2019.04.30,144401,145362,144030,145209,111465
603,2019.05.01,145287,145686,145111,145333,90248
604,2019.05.02,145339,145860,145070,145254,120401
605,2019.05.03,145254,146490,144789,146351,120947
606,2019.05.06,145354,145925,144971,145033,131969
607,2019.05.07,145025,145351,143846,144076,133524
608,2019.05.08,144100,144171,143027,143146,152186
609,2019.05.09,143136,143225,142213,142688,146788
610,2019.05.10,142716,143222,142494,142966,164089
611,2019.05.13,142602,142854,141186,141581,142125
612,2019.05.14,141631,142158,141346,141402,119122
613,2019.05.15,141390,141626,140186,140704,136294
614,2019.05.16,140712,140773,140186,140491,114223
615,2019.05.17,140530,140667,139529,139908,139984
616,2019.05.20,140167,140513,139680,139988,113866
617,2019.05.21,140004,141721,139631,140343,131394
618,2019.05.22,140345,140685,139298,139671,119188
619,2019.05.23,139692,139710,138510,138680,143542
620,2019.05.24,138704,139474,138490,138898,128093
621,2019.05.27,139094,139625,138659,138789,108997
622,2019.05.28,138792,138994,138270,138338,141056
623,2019.05.29,138362,138566,137852,138325,143433
624,2019.05.30,138319,138719,138039,138150,116533
625,2019.05.31,138217,138217,136613,136766,163996
626,2019.06.03,136662,137105,136599,136819,150624
627,2019.06.04,136817,137455,136541,137278,151028
628,2019.06.05,137327,137766,137194,137546,150122
629,2019.06.06,137519,137795,136971,137512,147178
630,2019.06.07,137547,138151,137466,137810,140843
631,2019.06.10,138002,138240,137463,137507,124177
632,2019.06.11,137484,138311,137479,138009,140825
633,2019.06.12,138052,138225,137541,137639,147363
634,2019.06.13,137660,137764,137081,137293,130705
635,2019.06.14,137292,137406,136495,136634,151580
636,2019.06.17,136461,136915,135985,136020,112116
637,2019.06.18,136016,136231,135360,136149,165982
638,2019.06.19,136150,136988,135766,136617,156882
639,2019.06.20,136644,137158,136182,136236,198598
640,2019.06.21,136236,136820,135927,136778,180064
641,2019.06.24,136620,137111,136471,136655,133030
642,2019.06.25,136651,136827,135789,135936,161401
643,2019.06.26,135949,136876,135835,136719,161872
644,2019.06.27,136705,137318,136401,136522,152787
645,2019.06.28,136534,137185,136252,137009,136517
646,2019.07.01,136980,137770,136722,137018,152812
647,2019.07.02,137020,137120,135838,135843,136044
648,2019.07.03,135820,135899,135154,135520,122228
649,2019.07.04,135521,135701,135422,135583,75217
650,2019.07.05,135584,136027,135469,135842,124011
651,2019.07.08,135765,136121,135531,136038,40798
652,2019.07.09,136016,136276,135385,135620,76920
653,2019.07.10,135617,136047,135476,135617,95493
654,2019.07.11,135617,136046,135073,135820,91260
655,2019.07.12,135814,136009,135495,135671,79179
656,2019.07.15,135278,135834,134943,135036,73944
657,2019.07.16,135037,135253,133957,134266,92672
658,2019.07.17,134258,134613,133964,134191,80139
659,2019.07.18,134191,134818,133842,134567,97464
660,2019.07.19,134572,134999,134524,134597,93713
661,2019.07.22,134550,135080,134402,134525,86225
662,2019.07.23,134516,134977,134307,134582,88096
663,2019.07.24,134573,135270,134237,135027,88740
664,2019.07.25,135028,135663,134703,135238,83899
665,2019.07.26,135237,135383,134516,134537,64970
666,2019.07.29,134413,134558,132840,132878,67989
667,2019.07.30,132885,133064,131592,131930,101773
668,2019.07.31,131956,132986,131837,132225,116155
669,2019.08.01,132225,132544,130146,130178,133446
670,2019.08.02,130178,130412,129068,129598,171314
671,2019.08.05,129170,129591,128161,128608,174321
672,2019.08.06,128600,130057,128100,129479,171292
673,2019.08.07,129477,129571,128210,128999,185992
674,2019.08.08,128999,129322,128269,128654,126788
675,2019.08.09,128650,128737,126961,127048,118544
676,2019.08.12,127101,127510,126536,127122,124008
677,2019.08.13,127137,129211,126793,128683,140849
678,2019.08.14,128680,128743,127484,127648,155994
679,2019.08.15,127649,128975,127459,128168,166508
680,2019.08.16,128215,129565,128027,129161,120747
681,2019.08.19,129089,129525,128962,129287,97720
682,2019.08.20,129283,129626,128253,129213,112124
683,2019.08.21,129230,129662,128874,129226,105644
684,2019.08.22,129236,130685,128746,130367,113712
685,2019.08.23,130367,130559,128981,129437,143503
686,2019.08.26,128744,130136,128177,129622,202011
687,2019.08.27,129621,130378,128998,129896,151544
688,2019.08.28,129888,130058,128457,129526,152391
689,2019.08.29,129528,130024,128960,129713,140617
690,2019.08.30,129687,129819,129080,129234,131516
691,2019.09.02,128708,129306,127862,128093,98515
692,2019.09.03,128080,128242,126666,127988,152865
693,2019.09.04,127988,130426,127770,130293,146622
694,2019.09.05,130285,132150,129903,131812,147459
695,2019.09.06,131818,132117,131245,131333,128683
696,2019.09.09,131039,132544,130801,132356,106821
697,2019.09.10,132356,132901,132006,132832,95338
698,2019.09.11,132832,133354,132664,132866,97388
699,2019.09.12,132866,133633,132161,133304,111500
700,2019.09.13,133304,135185,133262,135049,91868
701,2019.09.16,135046,135046,133864,134354,102189
702,2019.09.17,134354,135416,133978,135100,97029
703,2019.09.18,135085,135649,134582,135202,86602
704,2019.09.19,135190,135506,134254,135251,93194
705,2019.09.20,135245,135856,134056,134089,81762
706,2019.09.23,134250,134539,133340,133663,88833
707,2019.09.24,133648,134593,133538,133726,107283
708,2019.09.25,133726,133994,132831,133035,93445
709,2019.09.26,133043,133282,132372,132835,77140
710,2019.09.27,132893,133271,132314,132615,83869
711,2019.09.30,132610,133329,132470,132821,72517
712,2019.10.01,132799,133349,131774,132522,92892
713,2019.10.02,132483,132609,131566,131807,84020
714,2019.10.03,131818,132538,131472,131775,91168
715,2019.10.04,131733,131982,131272,131823,74531
716,2019.10.07,131216,132233,131216,131772,69150
717,2019.10.08,131776,132110,130422,130798,89676
718,2019.10.09,130796,131827,130642,131157,76051
719,2019.10.10,131157,134545,130721,134266,110435
720,2019.10.11,134259,137893,133894,137126,96554
721,2019.10.14,136749,137160,135489,136632,76285
722,2019.10.15,136627,139306,136438,139135,98094
723,2019.10.16,139089,140093,137500,139519,99866
724,2019.10.17,139459,141485,138624,140015,117732
725,2019.10.18,140024,140631,139344,140619,74806
726,2019.10.21,140340,141351,139459,140716,76450
727,2019.10.22,140702,141110,139508,139617,82910
728,2019.10.23,139617,140424,139083,140277,79582
729,2019.10.24,140262,140734,138865,139536,81325
730,2019.10.25,139535,139799,139021,139425,62441
731,2019.10.28,139279,140250,139256,140143,56366
732,2019.10.29,140143,140532,139465,140052,65536
733,2019.10.30,140052,140499,139948,140411,68855
734,2019.10.31,140411,140686,139601,139649,74280
735,2019.11.01,139649,140143,139633,139899,59933
736,2019.11.04,139889,140230,139837,139851,48834
737,2019.11.05,139849,140740,139807,140585,65833
738,2019.11.06,140585,140667,139865,140063,58578
739,2019.11.07,140062,140525,139486,140011,73054
740,2019.11.08,139965,140200,139409,139525,60241
741,2019.11.11,139541,140478,139358,140130,48391
742,2019.11.12,140119,140581,139936,139975,62677
743,2019.11.13,139976,140245,139433,139794,62350
744,2019.11.14,139799,139871,139389,139621,60054
745,2019.11.15,139610,140457,139571,140306,53459
746,2019.11.18,140547,141564,140346,140742,61225
747,2019.11.19,140740,140926,140100,140256,58501
748,2019.11.20,140240,140479,139670,140313,66493
749,2019.11.21,140314,140917,139967,140167,75950
750,2019.11.22,140165,140515,139308,139362,59805
751,2019.11.25,139619,140618,139559,140455,55033
752,2019.11.26,140433,140897,139983,140233,63029
753,2019.11.27,140232,141537,140041,141511,62923
754,2019.11.28,141506,141843,141244,141371,53056
755,2019.11.29,141361,141677,141107,141510,60096
756,2019.12.02,141371,141811,140933,140949,64597
757,2019.12.03,140996,141705,140911,141107,72325
758,2019.12.04,141107,142779,140825,142627,74587
759,2019.12.05,142619,143243,142568,143081,63350
760,2019.12.06,143081,143139,142363,142588,61877
761,2019.12.09,142661,143094,142552,142590,58539
762,2019.12.10,142580,143656,142561,142993,63008
763,2019.12.11,142987,143368,142543,143219,69588
764,2019.12.12,143227,144142,142473,143875,84377
765,2019.12.13,143880,147954,143811,145799,110121
766,2019.12.16,145763,146803,145714,146024,66399
767,2019.12.17,145976,146085,143468,143703,76444
768,2019.12.18,143702,143854,143066,143227,71914
769,2019.12.19,143228,143860,141968,142261,77506
770,2019.12.20,142260,143043,142083,142283,61789
771,2019.12.23,142003,142531,141153,141455,51103
772,2019.12.24,141454,141838,141298,141600,45798
773,2019.12.26,142241,142722,141983,142471,33037
774,2019.12.27,142425,143634,142030,143249,45984
775,2019.12.30,142921,143420,142579,142755,68473
776,2019.12.31,142752,144355,142421,143927,53882
777,2020.01.02,143592,143937,142257,142581,55496
778,2020.01.03,142596,142775,140994,141344,87199
779,2020.01.06,141109,142780,140823,142667,73663
780,2020.01.07,142665,143283,142012,142265,74556
781,2020.01.08,142225,143104,141116,142823,114577
782,2020.01.09,142789,143451,142420,143086,68587
783,2020.01.10,143088,143491,142887,143048,60891
784,2020.01.13,142777,142964,142361,142783,58702
785,2020.01.14,142782,143428,142448,143160,70842
786,2020.01.15,143129,143382,142652,143271,63281
787,2020.01.16,143268,144133,143191,144041,62460
788,2020.01.17,144041,144526,143284,143310,63819
789,2020.01.20,143111,143357,142799,143317,36330
790,2020.01.21,143316,143968,142856,143341,64901
791,2020.01.22,143294,144606,143251,144302,64996
792,2020.01.23,144300,144406,143204,143645,66539
793,2020.01.24,143645,144401,142711,142826,68120
794,2020.01.27,142404,142744,142052,142145,75009
795,2020.01.28,142158,142450,141475,142179,61126
796,2020.01.29,142156,142347,141704,141898,56780
797,2020.01.30,141912,142706,141254,142642,87070
798,2020.01.31,142642,143283,142456,143102,78992
799,2020.02.03,142820,143100,141065,141199,81130
800,2020.02.04,141199,142834,140921,142707,79265
801,2020.02.05,142707,143372,142220,142767,81913
802,2020.02.06,142785,142815,142087,142159,67187
803,2020.02.07,142159,142366,141386,141413,74919
804,2020.02.10,141337,142084,141233,141747,67539
805,2020.02.11,141726,142458,141655,142180,64664
806,2020.02.12,142179,142883,142094,142620,63834
807,2020.02.13,142622,143475,142142,143177,85487
808,2020.02.14,143176,143404,142763,143218,65574
809,2020.02.17,143099,143364,142838,142876,55530
810,2020.02.18,142878,143226,142312,142797,76511
811,2020.02.19,142797,144163,142742,143863,73845
812,2020.02.20,143811,144599,143595,144384,79610
813,2020.02.21,144384,144950,143719,144555,80250
814,2020.02.24,144062,144620,142627,143139,109155
815,2020.02.25,143072,143640,142941,143293,129452
816,2020.02.26,143289,143716,142234,142403,135516
817,2020.02.27,142336,142547,141164,141190,153018
818,2020.02.28,141181,141406,137521,138544,183144
819,2020.03.02,137528,139181,137146,138121,160994
820,2020.03.03,138121,138563,136932,137154,153183
821,2020.03.04,137153,138435,137006,138377,124556
822,2020.03.05,138375,138675,137364,137396,114488
823,2020.03.06,137394,137732,136433,137423,159963
824,2020.03.09,136512,136830,132563,133857,329880
825,2020.03.10,133855,137193,133681,135574,370781
826,2020.03.11,135569,136533,133562,133821,234441
827,2020.03.12,133871,134316,131271,131770,206801
828,2020.03.13,131790,134300,131206,132720,234326
829,2020.03.16,132743,132919,128897,129885,220416
830,2020.03.17,129884,131205,128572,129744,248758
831,2020.03.18,129768,130320,124032,125208,226749
832,2020.03.19,125128,129559,124724,127088,250959
833,2020.03.20,127088,132028,126363,128577,209476
834,2020.03.23,129357,129406,127325,128247,194342
835,2020.03.24,128247,131416,127539,130450,183631
836,2020.03.25,130462,133394,129848,132045,169601
837,2020.03.26,132045,133812,130574,132969,191442
838,2020.03.27,132969,134703,132111,134654,177871
839,2020.03.30,133690,134401,132742,133852,136842
840,2020.03.31,133852,134612,132926,133490,137630
841,2020.04.01,133471,133797,132479,132580,119263
842,2020.04.02,132580,133942,132360,133705,114004
843,2020.04.03,133705,134083,132540,133042,115852
844,2020.04.06,132396,134516,132384,133543,108466
845,2020.04.07,133544,134975,132922,134084,126515
846,2020.04.08,134084,135018,133689,134683,97534
847,2020.04.09,134650,135750,134393,134957,101792
848,2020.04.10,134967,135394,134779,134816,30306
849,2020.04.13,134969,135216,134502,134730,75415
850,2020.04.14,134730,135491,134573,135318,81511
851,2020.04.15,135318,135331,133631,134488,87170
852,2020.04.16,134483,134878,133715,134410,91216
853,2020.04.17,134411,134962,133898,134498,100599
854,2020.04.20,134111,134721,133782,133825,79332
855,2020.04.21,133778,134058,131906,132399,99616
856,2020.04.22,132400,133296,132042,132876,80078
857,2020.04.23,132871,133676,132395,132798,97056
858,2020.04.24,132799,133149,132391,132917,78120
859,2020.04.27,132946,133566,132813,133225,65526
860,2020.04.28,133207,133553,132722,132751,70067
861,2020.04.29,132726,133004,131941,132929,72064
862,2020.04.30,132903,135447,132620,134868,90206
863,2020.05.01,134866,135074,133365,133562,70417
864,2020.05.04,133283,133442,132520,132742,72156
865,2020.05.05,132740,133172,132379,132379,65152
866,2020.05.06,132356,132645,130832,130924,71691
867,2020.05.07,130933,132019,130644,131205,79948
868,2020.05.08,131204,132683,131151,132354,67276
869,2020.05.11,132073,133185,131878,132695,80105
870,2020.05.12,132681,132858,131292,131294,86368
871,2020.05.13,131286,131933,130649,130802,90211
872,2020.05.14,130791,131300,130139,131078,84935
873,2020.05.15,131069,131416,129642,129688,81214
874,2020.05.18,129408,131278,129251,130853,76580
875,2020.05.19,130841,132506,130744,131920,80946
876,2020.05.20,131912,132418,131441,131554,73985
877,2020.05.21,131551,131947,131214,131454,73546
878,2020.05.22,131453,131770,130669,130917,64603
879,2020.05.25,130908,131407,130852,131145,54417
880,2020.05.26,131138,133037,131121,132599,73499
881,2020.05.27,132532,133000,131630,132032,91248
882,2020.05.28,132025,132877,131826,132533,83019
883,2020.05.29,132536,133457,131776,133110,105772
884,2020.06.01,132686,134530,132686,134329,90862
885,2020.06.02,134307,136519,134214,136358,94673
886,2020.06.03,136356,137387,136239,136904,104057
887,2020.06.04,136895,137805,135949,137449,106640
888,2020.06.05,137423,139737,137266,138816,108540
889,2020.06.08,138965,139578,137421,137923,89885
890,2020.06.09,137907,138237,136228,137078,102880
891,2020.06.10,137082,137415,136459,136551,109872
892,2020.06.11,136528,136584,134458,134633,129676
893,2020.06.12,134569,136043,133791,134704,131515
894,2020.06.15,134203,135310,133501,135280,117337
895,2020.06.16,135283,136346,134722,134915,112758
896,2020.06.17,134905,135217,134060,134323,91751
897,2020.06.18,134320,134519,132386,132860,96115
898,2020.06.19,132867,133247,131932,131977,85966
899,2020.06.22,131741,133415,131741,133265,80385
900,2020.06.23,133263,133984,132598,133345,95657
901,2020.06.24,133333,133613,132678,132925,99188
902,2020.06.25,132905,133609,132784,133107,87943
903,2020.06.26,133084,133265,132037,132270,85159
904,2020.06.29,132068,132678,131948,132285,79913
905,2020.06.30,132281,133883,132011,133816,79349
906,2020.07.01,133803,134218,132943,134056,80440
907,2020.07.02,134050,134703,133778,134019,75841
908,2020.07.03,133964,134201,133696,134164,62418
909,2020.07.06,134022,134668,133833,134044,70107
910,2020.07.07,133984,135409,133964,134828,76983
911,2020.07.08,134827,135420,134574,135238,76993
912,2020.07.09,135238,135919,135046,135132,79546
913,2020.07.10,135127,135198,134283,134921,73801
914,2020.07.13,134892,135481,134585,134694,71097
915,2020.07.14,134683,134771,133978,134603,85289
916,2020.07.15,134583,135086,134465,134592,75055
917,2020.07.16,134575,135177,134051,134617,72241
918,2020.07.17,134465,134903,134121,134478,58283
919,2020.07.20,134324,135908,134302,135796,65933
920,2020.07.21,135769,136440,135641,135960,60320
921,2020.07.22,135938,136621,135283,136442,71268
922,2020.07.23,136440,136619,135840,136133,69281
923,2020.07.24,136131,136227,134996,135784,75608
924,2020.07.27,135624,135821,135143,135721,73766
925,2020.07.28,135708,136123,135321,135893,76873
926,2020.07.29,135884,136463,135670,136346,76134
927,2020.07.30,136344,137386,136063,137143,90136
928,2020.07.31,137143,139199,136785,138582,107484
929,2020.08.03,138264,139017,137744,138516,98672
930,2020.08.04,138516,138875,137802,138181,75180
931,2020.08.05,138148,138999,137973,138474,76704
932,2020.08.06,138490,139228,138322,138713,87485
933,2020.08.07,138698,138756,137836,138237,83649
934,2020.08.10,138221,138643,138060,138513,58370
935,2020.08.11,138508,139497,138322,138936,79823
936,2020.08.12,138951,139618,138786,139325,81280
937,2020.08.13,139315,140201,139087,139708,69914
938,2020.08.14,139686,140008,139338,139505,57100
939,2020.08.17,139423,139681,138731,138895,58589
940,2020.08.18,138895,139637,138593,139533,73032
941,2020.08.19,139521,139948,138789,138967,76302
942,2020.08.20,138913,139870,138563,139793,87825
943,2020.08.21,139797,139944,138247,138499,78238
944,2020.08.24,138330,138999,138288,138423,61309
945,2020.08.25,138398,140028,138344,139892,73322
946,2020.08.26,139895,140302,139630,139994,66817
947,2020.08.27,139989,140854,139691,140642,88474
948,2020.08.28,140654,141607,140017,140640,93300
949,2020.08.31,140589,142040,140487,141575,80931
950,2020.09.01,141553,142712,141326,141787,89581
951,2020.09.02,141788,141960,141015,141757,74614
952,2020.09.03,141763,141867,140470,141006,81972
953,2020.09.04,141010,141432,140110,141035,78277
954,2020.09.07,140824,140989,139589,139847,52156
955,2020.09.08,139800,139975,137610,137614,73988
956,2020.09.09,137622,138354,136736,138029,77897
957,2020.09.10,137970,138353,135561,135885,85992
958,2020.09.11,135883,136586,135570,135825,77001
959,2020.09.14,135560,136583,135508,135808,59195
960,2020.09.15,135802,136433,135416,135885,55003
961,2020.09.16,135884,136465,135551,136083,71603
962,2020.09.17,136090,136211,134563,135864,75044
963,2020.09.18,135865,136155,134951,135119,62351
964,2020.09.21,135056,135330,133533,134103,71623
965,2020.09.22,134109,134383,133028,133566,71248
966,2020.09.23,133563,134617,133134,134067,81500
967,2020.09.24,134084,134663,133604,134255,84570
968,2020.09.25,134345,134823,133827,134497,69366
969,2020.09.28,134622,136224,134359,135335,66644
970,2020.09.29,135343,136252,135343,135838,71640
971,2020.09.30,135838,136539,135176,136186,87974
972,2020.10.01,136240,137008,135356,135973,86458
973,2020.10.02,136034,136388,135044,136262,92212
974,2020.10.05,136043,137342,135983,137239,67822
975,2020.10.06,137221,137441,135931,135945,74797
976,2020.10.07,135945,136987,135864,136855,70001
977,2020.10.08,136843,137399,136678,137152,64997
978,2020.10.09,137148,137829,136784,137829,62744
979,2020.10.12,137735,137819,137214,137579,56254
980,2020.10.13,137617,137771,136369,136431,63532
981,2020.10.14,136429,137327,135660,136833,65131
982,2020.10.15,136824,137169,135766,136082,71240
983,2020.10.16,136122,136411,135337,136043,63317
984,2020.10.19,135875,137242,135849,136464,60730
985,2020.10.20,136464,137033,136309,136601,63977
986,2020.10.21,136576,137660,136373,137461,73492
987,2020.10.22,137469,137586,136958,137133,62269
988,2020.10.23,137133,137371,136369,136586,61907
989,2020.10.26,136606,137057,136294,136469,63347
990,2020.10.27,136490,136587,136112,136257,60061
991,2020.10.28,136257,136275,134880,135418,90567
992,2020.10.29,135417,135946,134636,135173,86320
993,2020.10.30,135173,135801,134400,135543,88413
994,2020.11.02,135010,135428,134871,135256,61316
995,2020.11.03,135256,136688,135150,136366,66756
996,2020.11.04,136372,137372,135363,135673,127320
997,2020.11.05,135706,136309,135075,136067,125353
998,2020.11.06,136041,136242,135463,135907,117850
999,2020.11.09,135871,138910,135715,138688,136465
1000,2020.11.10,138688,139772,138163,139700,133229
1001,2020.11.11,139698,140315,139205,139359,97028
1002,2020.11.12,139360,139437,137746,137849,96332
1003,2020.11.13,137844,138511,137542,138067,84873
1004,2020.11.16,137801,138871,137662,137946,93390
1005,2020.11.17,137947,138357,137813,137995,91673
1006,2020.11.18,137994,138199,137706,137726,84942
1007,2020.11.19,137792,137997,137195,137579,93796
1008,2020.11.20,137579,138056,137383,137996,82648
1009,2020.11.23,137828,139339,137809,139220,91381
1010,2020.11.24,139221,139840,139069,139513,98437
1011,2020.11.25,139513,139856,138998,139781,94106
1012,2020.11.26,139628,139844,138926,139240,64427
1013,2020.11.27,139266,139293,138274,138465,76620
1014,2020.11.30,138537,139468,138328,138966,98264
1015,2020.12.01,138934,140311,138832,139979,93505
1016,2020.12.02,139979,140444,138889,139535,100189
1017,2020.12.03,139535,140287,139406,139643,99017
1018,2020.12.04,139643,140707,139444,139970,99335
1019,2020.12.07,139595,139874,137903,139176,97089
1020,2020.12.08,139151,139375,138407,139095,105039
1021,2020.12.09,139095,140332,139009,139665,88144
1022,2020.12.10,139465,139787,138385,138528,103868
1023,2020.12.11,138525,138730,136786,137624,93087
1024,2020.12.14,138672,139434,138266,138632,95965
1025,2020.12.15,138586,139607,138279,139574,89158
1026,2020.12.16,139521,140063,139145,139758,92223
1027,2020.12.17,139771,140448,139575,140057,83056
1028,2020.12.18,140029,140325,139313,139444,81099
1029,2020.12.21,138662,139528,136963,139058,117008
1030,2020.12.22,139068,139143,137995,138428,97219
1031,2020.12.23,138429,140316,138228,139725,96188
1032,2020.12.24,139721,141209,139515,140307,54271
1033,2020.12.28,140193,140571,139475,139563,74633
1034,2020.12.29,139531,140167,139490,139867,68355
1035,2020.12.30,139841,140666,139693,140572,89073
1036,2020.12.31,140579,141228,140305,141185,80599
1037,2021.01.04,140657,141307,139689,139903,103139
1038,2021.01.05,139902,140152,139509,139964,101518
1039,2021.01.06,139963,140578,139746,140217,129645
1040,2021.01.07,140196,140998,140056,140751,103426
1041,2021.01.08,140755,141373,140650,140989,108440
1042,2021.01.11,140650,141001,140339,140878,92863
1043,2021.01.12,140879,142029,140675,141769,91934
1044,2021.01.13,141795,142254,141528,141637,83567
1045,2021.01.14,141634,142236,141587,142075,90616
1046,2021.01.15,142064,142118,140956,141070,82780
1047,2021.01.18,140958,141207,140356,140862,64966
1048,2021.01.19,140870,141734,140745,141563,77964
1049,2021.01.20,141568,142334,141076,141329,82749
1050,2021.01.21,141326,142217,141283,142108,80614
1051,2021.01.22,142119,142202,141510,141977,72229
1052,2021.01.25,141940,142322,141654,141870,76733
1053,2021.01.26,141869,142456,141278,142305,74877
1054,2021.01.27,142305,142861,142195,142481,84935
1055,2021.01.28,142428,143270,142190,143041,92337
1056,2021.01.29,143041,143957,142809,143462,100628
1057,2021.02.01,143542,144103,143322,143349,84760
1058,2021.02.02,143349,143778,143130,143463,78453
1059,2021.02.03,143465,143686,143111,143287,68060
1060,2021.02.04,143299,144365,142837,144261,75075
1061,2021.02.05,144261,144891,143984,144753,71090
1062,2021.02.08,144413,144929,144390,144528,66417
1063,2021.02.09,144519,144669,144032,144470,73651
1064,2021.02.10,144474,145064,144370,144652,69511
1065,2021.02.11,144637,144902,144563,144658,95657
1066,2021.02.12,144697,145481,144498,145356,120223
1067,2021.02.15,145214,146635,145207,146479,106900
1068,2021.02.16,146460,147462,146364,147408,151376
1069,2021.02.17,147407,147569,146419,146653,161838
1070,2021.02.18,146580,147786,146550,147692,144898
1071,2021.02.19,147696,148159,147285,147639,142010
1072,2021.02.22,147589,148293,147544,147746,133982
1073,2021.02.23,147740,148612,147600,148471,127251
1074,2021.02.24,148468,150117,148268,149710,166775
1075,2021.02.25,149701,150440,148480,148802,208002
1076,2021.02.26,148949,149166,147404,148394,262421
1077,2021.03.01,148288,149298,148264,148659,173467
1078,2021.03.02,148658,149195,148113,148853,134207
1079,2021.03.03,148855,149694,148764,149275,124929
1080,2021.03.04,149273,150730,149046,149997,150278
1081,2021.03.05,150003,150369,149358,149880,131209
1082,2021.03.08,149412,150699,149412,150493,170533
1083,2021.03.09,150481,151279,150357,150631,169388
1084,2021.03.10,150650,151188,150400,150933,151526
1085,2021.03.11,150926,151833,150874,151789,141806
1086,2021.03.12,151784,152235,151228,151753,139690
1087,2021.03.15,151664,152115,151199,151702,126921
1088,2021.03.16,151699,151750,150787,151405,120867
1089,2021.03.17,151405,152068,151341,151946,126314
1090,2021.03.18,151940,152548,151457,151694,143362
1091,2021.03.19,151696,151803,150565,150935,131142
1092,2021.03.22,150375,150931,150267,150833,109150
1093,2021.03.23,150832,150874,149081,149343,124345
1094,2021.03.24,149343,149444,148528,148773,118452
1095,2021.03.25,148780,150055,148759,149955,121453
1096,2021.03.26,149955,151544,149913,151262,106119
1097,2021.03.29,151008,151808,150580,151073,111773
1098,2021.03.30,151055,151941,150984,151613,109474
1099,2021.03.31,151604,152783,151342,152564,82409
1100,2021.04.01,152519,153067,152292,152983,71477
1101,2021.04.02,152976,153198,152697,152929,55000
1102,2021.04.05,152805,153363,152805,153111,68681
1103,2021.04.06,153089,153413,151679,151692,100748
1104,2021.04.07,151685,152071,150656,150889,106921
1105,2021.04.08,150881,151088,149883,150042,93840
1106,2021.04.09,150044,150933,149592,150258,96385
1107,2021.04.12,150155,150588,149757,150279,82260
1108,2021.04.13,150279,150827,149669,149965,99340
1109,2021.04.14,149958,150456,149584,150059,77779
1110,2021.04.15,150056,150201,149684,149903,71255
1111,2021.04.16,149920,150574,149383,150569,70822
1112,2021.04.19,150385,151321,149891,151255,91048
1113,2021.04.20,151255,151981,150560,150620,81602
1114,2021.04.21,150617,150970,150043,150505,71724
1115,2021.04.22,150451,150650,149392,149392,74020
1116,2021.04.23,149392,149951,149059,149774,70885
1117,2021.04.26,149599,150379,149536,150204,69313
1118,2021.04.27,150192,151248,150111,151214,64088
1119,2021.04.28,151170,151568,151008,151273,78343
1120,2021.04.29,151281,152406,151097,151824,72765
1121,2021.04.30,151819,152113,150873,151010,74639
1122,2021.05.03,150703,151929,150676,151683,59976
1123,2021.05.04,151688,152056,150996,151813,85510
1124,2021.05.05,151815,152230,151632,151795,64779
1125,2021.05.06,151795,152122,151247,151524,89124
1126,2021.05.07,151453,152114,151263,151900,92925
1127,2021.05.10,151993,154023,151909,153522,96629
1128,2021.05.11,153587,153960,153148,153585,96935
1129,2021.05.12,153548,154432,153487,154089,101334
1130,2021.05.13,154083,154335,153467,153747,95201
1131,2021.05.14,153747,154285,153560,154160,72729
1132,2021.05.17,153936,154464,153732,154315,73521
1133,2021.05.18,154249,154830,154218,154462,78606
1134,2021.05.19,154464,154810,153539,154139,105033
1135,2021.05.20,154145,154413,153623,154331,84680
1136,2021.05.21,154337,154675,154011,154166,78879
1137,2021.05.24,153934,154193,153769,153902,76804
1138,2021.05.25,153916,154449,153734,153872,93290
1139,2021.05.26,153873,154344,153773,154070,84729
1140,2021.05.27,154065,156074,153840,155952,104364
1141,2021.05.28,155847,156058,155587,155879,101350
1142,2021.05.31,155480,155914,155298,155633,67518
1143,2021.06.01,155628,155940,154838,154838,92233
1144,2021.06.02,154836,155501,154750,155198,90202
1145,2021.06.03,155197,155818,155141,155540,95875
1146,2021.06.04,155560,155758,155032,155130,87148
1147,2021.06.07,155048,155284,154548,154894,80815
1148,2021.06.08,154884,155091,154555,154977,82920
1149,2021.06.09,154969,155315,154480,154708,70128
1150,2021.06.10,154708,155214,154131,154951,97293
1151,2021.06.11,154953,155208,154639,154794,83741
1152,2021.06.14,154465,155346,154320,155270,77696
1153,2021.06.15,155272,155484,154536,155012,78984
1154,2021.06.16,154994,155381,154668,154836,86122
1155,2021.06.17,154784,155017,153138,153412,110701
1156,2021.06.18,153412,153775,151988,152056,98444
1157,2021.06.21,152027,153732,151312,153613,118776
1158,2021.06.22,153613,154467,153094,154306,90859
1159,2021.06.23,154175,155155,154113,154879,96837
1160,2021.06.24,154876,155143,153826,154327,99417
1161,2021.06.25,154321,154533,153599,153780,83103
1162,2021.06.28,153785,154227,153388,153560,84553
1163,2021.06.29,153560,153587,152614,152852,89107
1164,2021.06.30,152852,153754,152664,153646,102740
1165,2021.07.01,153647,153974,153351,153487,92384
1166,2021.07.02,153487,153723,153083,153565,95335
1167,2021.07.05,153356,153747,153344,153507,77592
1168,2021.07.06,153411,154073,152354,152601,106742
1169,2021.07.07,152603,153172,152287,152638,114024
1170,2021.07.08,152602,152740,150665,151333,128151
1171,2021.07.09,151119,153078,150927,153049,106289
1172,2021.07.12,152824,153342,152407,153185,77712
1173,2021.07.13,153189,153485,152410,152745,88169
1174,2021.07.14,152743,153296,152336,152381,90865
1175,2021.07.15,152375,152802,151608,151843,98037
